Fund Name,P1,P2,P3,P4,P5,Topsis Score,Rank
M1,0.74,0.55,4.0,43.1,12.1,0.49011903327424294,4
M2,0.92,0.85,5.9,38.0,11.42,0.4867671868686137,5
M3,0.72,0.52,6.3,60.0,16.89,0.45033754890354516,6
M4,0.88,0.77,5.6,64.7,17.99,0.5369188045545734,2
M5,0.8,0.64,5.9,45.2,13.14,0.4416188520163956,8
M6,0.89,0.79,6.2,57.9,16.45,0.5128890496072739,3
M7,0.83,0.69,6.6,52.4,15.13,0.446452320506845,7
M8,0.94,0.88,3.8,52.1,14.43,0.623362947861793,1
