Fund Name,P1,P2,P3,P4,P5,Topsis Score,Rank
M1,0.74,0.55,4.0,43.1,12.1,0.12050259266857036,8.0
M2,0.92,0.85,5.9,38.0,11.42,0.48037322674684346,6.0
M3,0.72,0.52,6.3,60.0,16.89,0.5530071340480051,4.0
M4,0.88,0.77,5.6,64.7,17.99,0.7754133219594296,2.0
M5,0.8,0.64,5.9,45.2,13.14,0.4195606922654515,7.0
M6,0.89,0.79,6.2,57.9,16.45,0.7761316969530913,1.0
M7,0.83,0.69,6.6,52.4,15.13,0.6157411890503205,3.0
M8,0.94,0.88,3.8,52.1,14.43,0.5211418730692428,5.0
